{
  "model_name": "popularity",
  "evaluation_date": "2025-12-10T00:14:57.690707",
  "total_users": 1371773,
  "evaluated_users": 722318,
  "metrics": {
    "k=5": {
      "precision@k": 0.006420163972100931,
      "recall@k": 0.0029034695598919684,
      "ndcg@k": 0.0061476544867959376,
      "novelty@k": 0.21414944374348424,
      "diversity@k": 1.0
    }
  }
}