{
  "model_name": "ranked",
  "evaluation_date": "2025-12-10T00:38:21.486192",
  "total_users": 1371773,
  "evaluated_users": 1693,
  "metrics": {
    "k=5": {
      "precision@k": 0.05138806851742469,
      "recall@k": 0.03758141367657036,
      "ndcg@k": 0.06618538257860884,
      "novelty@k": 2.2677722945296646,
      "diversity@k": 1.0
    }
  }
}